,actual,predicted,upper
0,18.101264367816157,21.90450355829487,130.32819440536733
1,13.088333338333314,22.8110915385553,131.23478238562777
2,58.9499999950001,20.121743028862625,128.5454338759351
3,19.008333333333326,26.078513684008087,134.50220453108057
4,65.40833333333319,21.39982795559345,129.82351880266592
5,2.525000000000091,21.333224850592668,129.75691569766514
6,63.50310734463267,24.448529473605447,132.8722203206779
7,17.389774011299323,21.407194866438907,129.83088571351138
8,66.36333333333334,23.840130550254255,132.26382139732672
9,24.158333333333303,22.047401300736123,130.47109214780858
10,47.12500000499995,20.07381227353128,128.49750312060374
11,14.837500004999924,20.664708909792466,129.08839975686493
12,21.391666666666765,24.411232040408564,132.834922887481
13,34.19583333333344,24.34263952625483,132.7663303733273
14,31.924999999999955,21.490862636748357,129.9145534838208
15,10.541666666666742,18.233024716584563,126.65671556365703
16,33.900000004999924,21.50981561717634,129.9335064642488
17,23.316666671666553,22.046174551799552,130.469865398872
18,8.841666666666697,21.754904499689008,130.17859534676148
19,9.308333333333394,24.900939479321305,133.32463032639376
20,21.825000000000045,21.680691553447435,130.1043824005199
21,6.274999999999977,24.552109966105224,132.9758008131777
22,45.10000000000002,19.287169937851736,127.7108607849242
23,2.9750000000000227,26.963588672805813,135.3872795198783
24,19.866666666666674,19.813040992787872,128.23673183986034
25,15.699999999999932,21.42244002670061,129.84613087377306
26,8.616666666666674,22.63518356102752,131.0588744081
27,6.68333333333328,20.11087829386421,128.53456914093667
28,0.2666666666666515,20.777615029870994,129.20130587694345
29,57.674999999999955,26.29051332862167,134.71420417569414
30,15.199999999999932,23.38415171964632,131.8078425667188
31,18.266666666666538,19.065615187886543,127.48930603495901
32,15.166666666666515,25.37658132443582,133.80027217150828
33,27.425000000000068,26.99877934022556,135.42247018729802
34,5.074999999999932,23.872009844042132,132.2957006911146
35,7.366666666666674,20.602295230917335,129.02598607798978
36,11.033333333333303,24.52535197217936,132.94904281925182
37,26.741666666666674,25.432167293794336,133.85585814086681
38,23.133333333333326,20.696935573206197,129.12062642027865
39,53.09166666666658,30.539119154954214,138.96281000202669
40,7.75,21.79357456448721,130.21726541155968
41,18.780555549999917,22.235038130852168,130.65872897792462
42,13.852777766666804,23.260737909764956,131.6844287568374
43,3.0972222166667507,22.997705663684783,131.42139651075723
44,9.208333333333258,30.246679843775247,138.6703706908477
45,25.25,25.277399859777113,133.70109070684958
46,21.10833333333335,26.143045401981592,134.56673624905406
47,11.633333333333326,50.53204112604267,158.95573197311512
48,22.79166666666663,27.219753585885666,135.64344443295812
49,16.550000000000182,29.048587704580118,137.47227855165258
50,32.875,23.592873094918122,132.0165639419906
51,16.366666666666788,23.57967150611521,132.00336235318767
52,28.075000004999993,33.85730984833468,142.28100069540716
53,33.1416666716666,33.317242495181674,141.74093334225415
54,6.225000000000023,22.16902350559574,130.5927143526682
55,0.45833333333337123,23.08043984727898,131.50413069435143
56,26.866666666666674,24.711249470505486,133.13494031757796
57,3.5083333333333258,24.995310469660424,133.41900131673287
58,18.883333333333326,21.05041914224876,129.47410998932122
59,21.43333333333328,21.777122222393157,130.20081306946562
60,0.849999999999909,20.471653356174897,128.89534420324736
61,23.674999999999955,21.394793259145462,129.81848410621794
62,3.9916666666666742,21.517159529428564,129.94085037650103
63,5.508333333333326,28.39416404490386,136.8178548919763
64,32.2166666666667,26.964437419958642,135.3881282670311
65,10.81666666666672,17.801986796972233,126.2256776440447
66,20.183333333333394,20.796011593569755,129.2197024406422
67,3.4416666666667197,20.14584687863868,128.56953772571114
68,17.60833333333335,23.948431049202245,132.3721218962747
69,6.6673913066667865,20.99533499096784,129.4190258380403
70,18.41521738666654,21.963421261740557,130.38711210881303
71,5.659057973333347,30.23060281261209,138.65429365968455
72,2.3666666666666742,19.608107972977642,128.0317988200501
73,0.2666666666666515,44.27145673790194,152.6951475849744
74,26.665517241379348,33.96350451975104,142.3871953668235
75,8.826149425287326,34.54483096938435,142.9685218164568
76,6.244047619047706,34.98971204907758,143.41340289615005
77,4.380952380952294,29.08382315618099,137.50751400325345
78,11.254166666666606,21.42549105146837,129.84918189854085
79,11.12916666666672,22.02159212187615,130.44528296894862
80,9.122619048333263,22.34260019913247,130.76629104620494
81,14.753571429999965,21.278506238648834,129.7021970857213
82,1.4690476183333203,27.931424148710207,136.35511499578269
83,1380.8333333333335,19.703102795556013,128.12679364262848
84,1390.625,19.218346456544964,127.64203730361743
85,9.066666666666606,22.485479659906822,130.90917050697928
86,4.3583333333333485,38.75354339013066,147.17723423720312
87,22.300000000000068,30.82640470699559,139.25009555406805
88,3.4833333333333485,24.703739078508633,133.1274299255811
89,7.591666666666697,21.48603465731361,129.90972550438607
90,3.6333333333333258,25.280195347133493,133.70388619420595
91,12.174999999999955,22.160948966158383,130.58463981323084
92,5.583333316666767,31.806524026677668,140.23021487375013
93,7.033333316666813,33.30204665689445,141.7257375039669
94,17.183333333333394,25.151571837088536,133.575262684161
95,9.425000000000068,25.64283433162793,134.0665251787004
96,3.591666666666697,19.38722321326916,127.81091406034162
97,5.291666666666629,23.747152371264775,132.17084321833724
98,2.0333333333334167,23.698835332337346,132.12252617940982
99,2.5416666666667425,24.888091094072806,133.31178194114528
100,5.6666666666667425,25.008585642913012,133.43227648998547
101,8.616666666666674,22.64746477999919,131.07115562707165
102,1.9250000000000682,19.568100711255425,127.99179155832789
103,7.0416666666667425,22.800000880059837,131.2236917271323
104,1.4583333333333712,25.583594786366447,134.00728563343893
105,3.6416666666666515,25.320072529256503,133.74376337632896
106,4.06666666666672,24.08065946614144,132.5043503132139
107,1.8314102833330708,21.911757346302547,130.33544819337502
108,0.9044872333331568,27.054895495776364,135.4785863428488
109,3.9019230499999367,25.96838800975623,134.3920788568287
110,4.399999999999977,21.23396340636559,129.65765425343807
111,2.0750000000000455,24.59140836256049,133.01509920963295
112,10.558333338333227,27.996851472253283,136.42054231932576
113,3.5749999950000984,23.774207513087344,132.1978983601598
114,2.4416666666667197,17.748961582456825,126.1726524295293
115,5.31666666666672,20.52614526594179,128.94983611301424
116,1.3916666666666515,17.218725782579636,125.6424166296521
117,5.925000005000015,26.520959551942354,134.94465039901482
118,0.2666666616665907,23.546232855068972,131.96992370214144
119,1.1666666666667425,22.62005482244212,131.04374566951458
120,1.6333333333333258,24.69231625526948,133.11600710234194
121,9.700000000000045,21.66400053993387,130.08769138700634
122,2.933333333333394,22.229648591060904,130.65333943813337
123,12.950000000000045,27.498317478241624,135.9220083253141
124,4.6416666666666515,30.490525776675835,138.9142166237483
125,8.311702116666766,29.598428309433636,138.0221191565061
126,11.084929099999954,27.124998219912854,135.54868906698533
127,24.378368783333258,23.245808474023224,131.66949932109569
128,16.43333333333328,22.48580437532547,130.90949522239794
129,9.69166666666672,22.349252175076757,130.7729430221492
130,14.491666666666674,20.426014911020033,128.8497057580925
131,1.6083333333334622,21.910131565460162,130.33382241253264
132,2.9583333333332575,24.926938180347193,133.35062902741964
133,7.5416666666667425,33.95864414111963,142.3823349881921
134,7.78333333333353,24.508159872028816,132.93185071910128
135,4.016666666666538,15.234530212707984,123.65822105978044
136,11.90833333333319,23.086317646989755,131.51000849406222
137,0.875,19.918200080156215,128.3418909272287
138,8.5,20.135826658869,128.55951750594147
139,2.4666666666664696,24.44550213408064,132.8691929811531
140,1.9833333333334622,27.675921369156413,136.09961221622888
141,1.7187500000001137,31.825440040586688,140.24913088765916
142,7.345833333333417,23.736373897524313,132.16006474459678
143,19.80208333333337,22.74676265011904,131.17045349719152
144,7.1749999999999545,20.17410353335872,128.5977943804312
145,4.0166666666666515,41.40422510187237,149.82791594894485
146,1.616666666666788,31.593765877118898,140.01745672419136
147,4.15833333333353,20.785577633031448,129.2092684801039
148,4.5750000000000455,23.526714873799328,131.9504057208718
149,5.525000000000091,19.37381271399969,127.79750356107215
150,1.150000000000091,22.023083076040816,130.44677392311328
151,9.758333333333212,26.7764292235388,135.20012007061126
152,1.599999999999909,53.30448593388742,161.72817678095987
153,0.9500000000000455,21.815333646684287,130.23902449375674
154,7.241666666666788,38.37156151010698,146.79525235717944
155,2.599999999999909,20.767930062676925,129.1916209097494
156,3.2999999999999545,22.871203703484987,131.29489455055744
157,6.21666666666647,21.33638668873959,129.76007753581206
158,12.175000000000182,21.332857150006316,129.75654799707877
159,2.958333333333485,22.96017560866437,131.38386645573684
160,1.3305555500000992,20.982141809208876,129.40583265628135
161,5.5138888999999836,25.104850739146702,133.52854158621918
162,7.127777783333386,27.117930709969414,135.54162155704188
163,1.2000000000000455,20.669737979166474,129.09342882623895
164,1.0750000000000455,27.671198903747655,136.09488975082013
165,5.048809516666552,26.715686817078563,135.13937766415103
166,10.780952366666497,16.793167567945464,125.21685841501792
167,0.9238095166665516,25.461818717708063,133.88550956478053
168,2.108333333333121,24.264267578694337,132.6879584257668
169,3.2999999999999545,21.960704074676507,130.38439492174896
170,12.295833333333348,37.042263576346954,145.46595442341942
171,0.341666666666697,22.411535360850586,130.83522620792306
172,7.287499999999909,21.5362732857903,129.95996413286275
173,13.30833333333328,28.652030706523192,137.07572155359566
174,0.75,25.972792481449154,134.3964833285216
175,2.1499999999999773,26.422441723803978,134.84613257087645
176,0.08333333333337123,29.74734518096104,138.1710360280335
177,3.2999999999999545,25.445291874369328,133.8689827214418
178,4.3583333333333485,28.143016444650787,136.56670729172325
179,7.983333333333235,16.783369508782528,125.20706035585499
180,11.025000000000091,23.809069908608862,132.23276075568134
181,5.1749999999999545,55.313488845478076,163.73717969255054
182,1.6083333333333485,16.962836457732173,125.38652730480464
183,0.6499999999998636,50.74515796920335,159.1688488162758
184,2.333333333333485,42.86367634627928,151.28736719335174
185,9.724999999999909,30.745848995767922,139.16953984284038
186,12.825000000000045,26.718737903928428,135.1424287510009
187,5.6666666666667425,33.21489196112904,141.6385828082015
188,3.058333333333394,22.52507960070019,130.94877044777266
189,13.449999999999818,17.434719181375765,125.85841002844823
190,3.9416666666668334,17.86285984657385,126.28655069364632
191,19.716666666666697,22.018774231448983,130.44246507852145
192,41.13333333333344,24.023604216486504,132.44729506355895
193,3.466666666666697,18.13432852602607,126.55801937309853
194,4.058333333333394,20.701968575929463,129.12565942300193
195,8.199999999999932,26.217960902315344,134.64165174938782
196,13.041666666666629,24.243233849612814,132.66692469668527
197,5.908333333333303,22.168861226605948,130.5925520736784
198,3.316666666666606,19.36755413848259,127.79124498555505
199,9.166666666666629,20.04371748574627,128.46740833281874
200,2.175000000000068,41.38386275145723,149.8075535985297
201,1.7416666666666742,30.164295119594794,138.58798596666725
202,1.6000000000000227,26.625908758592484,135.04959960566495
203,3.574999999999932,30.698736735730286,139.12242758280274
204,4.099999994999962,31.84449542698619,140.26818627405865
205,5.91666667166669,19.353448212859554,127.77713905993201
206,8.94166666666672,44.74338126096368,153.16707210803614
207,18.625,14.75051863419701,123.17420948126947
208,7.091666666666697,28.341873498589294,136.76556434566174
209,2.824999999999932,29.5649587266549,137.98864957372737
210,2.6916666666667197,19.07831794641801,127.50200879349048
211,0.8916666666666515,21.018757291069118,129.44244813814157
212,1.7416666666666742,33.40280393908535,141.8264947861578
213,9.96666666666681,20.68588535068983,129.1095761977623
214,4.550000000000182,16.67393171138858,125.09762255846104
215,0.941666666666606,28.133459643520148,136.55715049059262
216,1.1083333333333485,18.13274434157836,126.55643518865082
217,7.8916666666666515,34.59888552294534,143.02257637001782
218,26.15000000000009,64.83510288568637,173.25879373275882
219,13.400000000000091,31.926936717342222,140.35062756441468
220,13.283333333333303,50.97438395340133,159.3980748004738
221,21.35833333333335,37.276787983211676,145.70047883028414
222,4.133333333333439,21.520021439735608,129.94371228680808
223,6.408333333333303,23.571016016733626,131.9947068638061
224,15.108333333333348,30.650936713550404,139.07462756062287
225,5.6416666666666515,24.07876586463652,132.502456711709
226,7.083333333333371,24.76203414408856,133.185724991161
227,11.225000000000023,27.556558959817664,135.98024980689013
228,1.9249999999999545,17.947551813148998,126.37124266022147
229,1.083333333333485,30.87099296151683,139.2946838085893
230,13.908333333333417,24.975919808909254,133.39961065598172
231,6.916666666666629,18.70903456336977,127.13272541044223
232,10.516666666666652,28.809826705495517,137.23351755256797
233,1.7999999999999545,19.940915280607317,128.3646061276798
234,4.650000000000091,26.956708235281372,135.38039908235385
235,1.491666666666788,34.556605598552316,142.9802964456248
236,13.94166666666672,50.16269467487372,158.58638552194617
237,0.6000000000000227,42.24272594797483,150.6664167950473
238,4.06666666666672,38.99209808418477,147.41578893125723
239,22.483333333333235,49.26383324808367,157.68752409515614
240,21.383333333333212,17.021668711298542,125.44535955837101
241,1.2666666666667652,19.21986449139047,127.64355533846293
242,4.325000000000159,34.63858028487052,143.062271131943
243,0.7250000000001364,41.835781415049965,150.25947226212242
244,1.659649122806968,40.596649349974165,149.02034019704664
245,3.7763157894736423,22.10705070633784,130.5307415534103
246,0.558333333333394,21.972972102604203,130.39666294967668
247,2.830555550000099,25.34363443463453,133.767325281707
248,1.0388888999998471,32.57718573397236,141.00087658104482
249,0.7555555500000537,32.22846369286979,140.65215453994225
250,9.124999999999886,22.120376447667,130.54406729473948
251,3.974999999999909,22.68222485256228,131.10591569963475
252,0.966666666666697,32.599448031314225,141.0231388783867
253,3.8083333333332803,19.365335061708272,127.78902590878073
254,4.458333333333371,26.244463672881672,134.66815451995413
255,3.5083333333333258,25.324279161650175,133.74797000872263
256,0.45833333333337123,28.392102175498206,136.81579302257066
257,0.07500000000004547,21.071410501881317,129.49510134895377
258,3.3250000000000455,20.309717770481136,128.7334086175536
259,0.4250000000000682,22.29393596900984,130.71762681608232
260,4.208333333333371,19.863222442748175,128.28691328982063
261,12.341666666666697,25.645404534975672,134.06909538204815
262,5.7000000000000455,27.65722990833222,136.0809207554047
263,2.0249999999999773,20.785963907501774,129.20965475457425
264,3.375,19.694187801074946,128.1178786481474
265,0.8666666666666742,32.502422854802184,140.92611370187464
266,0.5833333333333712,39.26422195713124,147.6879128042037
267,7.625000000000114,15.730416383501668,124.15410723057413
268,15.691666666666606,25.903539178033682,134.32723002510613
269,8.091666666666697,46.75778885770117,155.18147970477364
270,0.45833333333325754,23.381072519842157,131.8047633669146
271,4.1416666666666515,16.118056448220784,124.54174729529325
272,1.375,30.62059605866134,139.0442869057338
273,8.683333333333167,62.687734482211255,171.11142532928372
274,21.583333333333485,61.52175178083327,169.94544262790572
275,42.8416666666667,50.71663379218627,159.14032463925872
276,6.350000000000136,39.74201122745522,148.1657020745277
277,9.933333333333167,35.91391758111654,144.33760842818901
278,9.941666666666833,72.1281784299756,180.55186927704807
279,2.75,45.32102828572205,153.7447191327945
280,0.25,16.90089970516536,125.32459055223782
281,3.7999999999999545,17.79512757590428,126.21881842297674
282,1.2000000000000455,21.70128878543116,130.12497963250362
283,4.533333333333303,57.169800617728654,165.5934914648011
284,4.258333333333439,44.4136959226537,152.83738676972615
285,1.2000000000000455,32.03894428531772,140.46263513239018
286,6.0833333333332575,59.175833401611214,167.59952424868368
287,9.350000000000136,10.3924570040522,118.81614785112467
288,2.0214285666666,18.156185072783114,126.57987591985558
289,1.9404762000001483,29.83141304235607,138.25510388942854
290,4.046428566666464,45.83842329494572,154.2621141420182
291,3.2999999999999545,18.07698126310929,126.50067211018175
292,9.491666666666788,16.027789487792646,124.45148033486511
293,1.6345238000001245,19.226257009266,127.64994785633846
294,10.905952399999705,19.66946868134209,128.09315952841456
295,1.2349206499998218,33.4752863438906,141.89897719096308
296,20.430555566666726,35.772468583203676,144.19615943027614
297,1.5888888833333112,40.11637422968147,148.54006507675393
298,15.700000000000045,24.295847306682305,132.71953815375477
299,1.258333333333212,22.71449776606476,131.13818861313723
300,2.8416666666664696,24.78311324580112,133.2068040928736
301,5.066666666666606,25.209845759668976,133.63353660674144
302,1.783333333333303,35.587547727638274,144.01123857471075
303,8.208333333333485,20.98756152203936,129.41125236911182
304,5.541666666666515,20.88811142363751,129.31180227070996
305,9.825000000000045,19.177586570522706,127.60127741759517
306,3.041666666666515,19.998488684219332,128.4221795312918
307,0.2999999999999545,24.888681167804762,133.3123720148772
308,6.066666666666606,20.643808233959867,129.06749908103234
309,13.866666666666788,19.54811052225256,127.97180136932502
310,7.683333333333394,21.837958157152702,130.26164900422518
311,10.099999999999909,22.77551844686971,131.19920929394218
312,0.9583333333334849,23.864550505862194,132.28824135293465
313,2.816666666666606,21.607825987269756,130.03151683434223
314,1.5166666666666515,68.83009807839483,177.2537889254673
315,9.391666666666652,9.184827325732853,117.60851817280532
316,0.024999999999863576,66.1204278780686,174.54411872514106
317,17.76666666666688,13.768285138084632,122.1919759851571
318,8.224999999999909,30.61287492786287,139.03656577493533
319,1.3583333333333485,20.08497563338343,128.5086664804559
320,16.941666666666606,31.717953026986862,140.14164387405933
321,6.341666666666697,19.22131288887873,127.64500373595119
322,4.691666666666606,18.91476922026099,127.33846006733346
323,2.5166666666666515,23.249545982399916,131.6732368294724
324,2.5166666666666515,21.496122618047828,129.91981346512028
325,1.6083333333333485,20.777922151419006,129.20161299849147
326,1.8583333333333485,23.322357677239417,131.74604852431187
327,3.0333333333335304,42.28195451794956,150.705645365022
328,0.8833333333332121,59.535508775968495,167.95919962304094
329,1.3243055499999628,50.10894350866215,158.53263435573461
330,4.7013888999999836,37.108306235786294,145.53199708285877
331,3.1576388833334477,21.354309871982974,129.77800071905543
332,0.341666666666697,22.943851563376025,131.3675424104485
333,1.6166666666665606,19.402962337084034,127.8266531841565
334,0.22500000000013642,53.32631550749103,161.75000635456348
335,2.7749999999998636,38.400728971354496,146.82441981842697
336,2.5750000000000455,11.776158361699164,120.19984920877162
337,6.458333333333485,33.97604003915309,142.39973088622554
338,3.5,23.857866626903707,132.28155747397616
339,1.841666666666697,27.61991844334581,136.04360929041826
340,2.3333333333332575,16.925891334203058,125.34958218127552
341,0.15833333333330302,25.61852515731725,134.04221600438973
342,0.375,26.541255688950038,134.9649465360225
343,0.07500000000004547,38.078144781294014,146.50183562836648
344,0.5083333333334394,11.951072546820178,120.37476339389264
345,0.4250000000001819,37.92719607197958,146.35088691905204
346,2.716666666666697,18.00460685320695,126.42829770027942
347,3.3166666666668334,34.55615815242764,142.97984899950012
348,5.399999999999864,23.89534958924435,132.3190404363168
349,4.158333333333303,22.709475013624818,131.1331658606973
350,4.866666666666561,24.213972458840676,132.63766330591315
351,6.341666666666697,44.89973365488892,153.32342450196137
352,14.383333333333212,44.05995972525476,152.48365057232724
353,11.691666666666833,20.03574624554033,128.4594370926128
354,99.54166666666652,21.600521954337697,130.02421280141016
355,21.26666666666665,23.562494836782598,131.98618568385507
356,2.8583333333333485,29.566148289217764,137.98983913629024
357,65.13333333333321,17.513920095765034,125.9376109428375
358,24.908333333333303,29.775430281492095,138.19912112856457
359,9.424999999999955,47.32392365770511,155.74761450477757
360,2.1333333333334394,37.008839127266114,145.4325299743386
361,1.2083333333332575,11.48139330905677,119.90508415612923
362,2.033333333333303,24.633532502206577,133.05722334927904
363,7.3333333333332575,24.234095710964855,132.65778655803732
364,0.22499999999990905,23.322662826172603,131.74635367324507
365,2.5499999999999545,31.424601350082767,139.84829219715522
366,2.349999999999909,54.70857962074648,163.13227046781896
367,0.7666666666666515,15.999471994222423,124.42316284129488
368,5.90833333333353,43.16431715758151,151.58800800465397
369,10.208333333333258,44.37256420996603,152.79625505703848
370,0.47499999999990905,48.876420137728694,157.30011098480117
371,3.602777783333295,35.22870189159458,143.65239273866706
372,4.255555566666544,26.18460723076066,134.60829807783313
373,3.3805555500000537,18.94819762718611,127.37188847425858
374,7.7916666666667425,18.885872570463544,127.30956341753601
375,3.800000000000182,24.667404298089732,133.0910951451622
376,9.416666666666515,20.27267199079802,128.69636283787048
377,3.7250000000001364,25.27430335509424,133.6979942021667
378,4.75,34.233155812383956,142.65684665945642
379,7.508333333333212,22.709651338187523,131.13334218525998
380,10.0,28.688998036326037,137.1126888833985
381,1.2999999999999545,34.490039652987114,142.9137305000596
382,0.36666666666678793,21.366416547782514,129.79010739485497
383,2.591666666666697,13.010224478869354,121.43391532594183
384,7.216666666666697,17.075623053077543,125.49931390015001
385,10.725000000000136,24.746285487975523,133.16997633504798
386,6.6416666666666515,18.938438016045758,127.36212886311822
387,0.8333333333332575,17.15194341787211,125.57563426494457
388,4.408333333333303,22.14684625693716,130.57053710400962
389,2.8916666666666515,17.417358401067112,125.84104924813957
390,0.01666666666665151,22.829423590057875,131.25311443713034
391,1.558333333333394,22.850289164302655,131.27398001137513
392,2.800000000000182,14.467965813373265,122.89165666044573
393,0.5249999999998636,19.799566564429544,128.223257411502
394,1.558333333333394,20.442009239066273,128.86570008613873
395,10.650000000000091,22.047932559574377,130.47162340664684
396,8.941666666666606,22.898734095881473,131.32242494295394
397,3.741666666666788,20.413720505765937,128.8374113528384
398,4.074999999999818,21.092640605325684,129.51633145239816
399,3.041666666666515,17.79284277560334,126.2165336226758
400,0.6499999999998636,23.603825385096357,132.0275162321688
401,2.900000000000091,19.437079717214683,127.86077056428715
402,0.49166666666678793,18.769739768837034,127.1934306159095
403,3.4833333333333485,19.10528546211944,127.5289763091919
404,8.483333333333348,25.300937465908106,133.72462831298057
405,2.1333333333334394,18.454153450001403,126.87784429707386
406,0.7583333333332121,15.430202569057947,123.8538934161304
407,0.008333333333439441,18.310997338137863,126.73468818521033
408,79.79999999999995,22.635505792194365,131.05919663926682
409,17.549999999999955,19.141478848914385,127.56516969598685
410,54.85833333333335,13.037837731854742,121.4615285789272
411,1.625,20.090376707115855,128.51406755418833
412,1.0833333333332575,20.901889323030503,129.32558017010297
413,0.908333333333303,15.587426604368117,124.01111745144058
414,2.474999999999909,19.32122799061485,127.74491883768732
415,0.27500000000009095,15.246652021710307,123.67034286878277
416,3.4500000000000455,26.469113853533806,134.89280470060626
417,2.558333333333394,14.80915975743785,123.23285060451032
418,40.041666666666515,34.290943026331135,142.7146338734036
419,6.974999999999909,21.561735284401642,129.9854261314741
420,20.683333333333394,16.69395480157055,125.11764564864302
421,20.100000000000136,23.865426121695283,132.28911696876776
422,16.24166666666656,30.1459302932428,138.56962114031526
423,1.3916666666666515,14.204061858089933,122.6277527051624
424,8.230555549999963,25.37082454457447,133.79451539164694
425,7.1638889000000745,18.024104654955472,126.44779550202793
426,1.5138888833332658,21.980038041555574,130.40372888862805
427,0.5750000000000455,18.543369662885333,126.9670605099578
428,1.7583333333334394,11.918902251970206,120.34259309904267
429,2.658333333333303,11.13360394350114,119.55729479057361
430,6.661111116666461,27.86687092957345,136.29056177664592
431,6.369444433333456,35.44637763038535,143.8700684774578
432,0.10277778333329479,27.970821616270097,136.39451246334255
433,1.7999999999999545,12.0695040604311,120.49319490750356
434,2.4916666666665606,22.156042310960913,130.57973315803338
435,3.6916666666668334,24.254974197521783,132.67866504459425
436,3.650000000000091,23.81528587111061,132.23897671818307
437,0.658333333333303,25.81533012957611,134.2390209766486
438,0.908333333333303,34.053416817223024,142.4771076642955
439,0.7999999999999545,12.559877632676521,120.98356847974898
440,0.408333333333303,16.01486015043688,124.43855099750934
441,1.849999999999909,28.54795464670289,136.97164549377536
442,3.291666666666515,22.188246955951662,130.61193780302412
443,1.3250000000000455,24.786445849847254,133.21013669691973
444,1.5499999999999545,24.055158498685884,132.47884934575836
445,1.741666666666788,24.396993155806385,132.82068400287886
446,48.36666666666656,31.527086649723344,139.9507774967958
447,159.6583333333333,17.704311245122575,126.12800209219503
448,49.68333333333317,13.79141979939855,122.21511064647102
449,35.23333333333335,16.188482312674648,124.61217315974712
450,8.145289833333436,15.76307149380288,124.18676234087535
451,107.55108699999982,22.29209032679266,130.71578117386514
452,98.38804349999987,37.523580023600445,145.94727087067292
453,29.60833333333335,19.980849595802887,128.40454044287534
454,47.49166666666656,22.986159558411494,131.40985040548395
455,29.25833333333344,19.575765225262483,127.99945607233495
456,35.825000000000045,21.419271862289335,129.8429627093618
457,15.299999999999955,25.36500450826146,133.7886953553339
458,9.450000000000045,23.38750174601612,131.81119259308858
459,38.02500000000009,21.49948131350569,129.92317216057816
460,56.625,24.64058515650244,133.0642760035749
461,5.716666666666697,23.15412881575823,131.5778196628307
462,15.783333333333303,34.09173536040092,142.51542620747338
463,67.66666666666674,11.900335195654037,120.3240260427265
464,37.93333333333317,24.46879595028222,132.89248679735468
465,4.316666666666833,17.489133011218904,125.91282385829138
466,6.774999999999864,13.053620614677936,121.4773114617504
467,2.7333333333333485,30.603118885248136,139.0268097323206
468,0.3583333333333485,11.073354431325168,119.49704527839764
469,0.06666666666660603,24.76977381897842,133.1934646660509
470,0.4750000000001364,29.62126679675502,138.04495764382747
471,2.8500000000001364,17.292068229767555,125.71575907684002
472,0.5166666666666515,20.99148791195957,129.41517875903205
473,4.583333333333485,44.66278826332423,153.08647911039668
474,4.058333333333394,28.758069722975158,137.18176057004763
475,1.4916666666665606,16.856767870088348,125.28045871716081
476,5.974999999999909,26.00827053528328,134.43196138235575
477,3.5833333333332575,39.56463450378366,147.98832535085612
478,4.875,11.062847081340358,119.48653792841282
479,1.466666666666697,13.87728163800328,122.30097248507575
480,4.6083333333333485,28.55610486819838,136.97979571527085
481,7.5,28.051662813550053,136.47535366062252
482,0.4500000000000455,20.488671160592936,128.9123620076654
483,2.116666666666788,20.20006980495075,128.6237606520232
484,14.983333333333348,21.80716390960017,130.23085475667264
485,5.024999999999864,20.159615189024496,128.58330603609696
486,5.241666666666788,23.561703503128307,131.98539435020078
487,5.866666666666788,23.834549933704608,132.25824078077707
488,3.1495614166667565,25.50649907349426,133.93018992056673
489,8.664210500000081,22.378658315420036,130.8023491624925
490,7.256228083333099,22.641162878404952,131.0648537254774
491,3.788333333333412,35.79927240770225,144.2229632547747
492,11.325000000000045,18.128968070304907,126.55265891737737
493,9.475000000000023,19.787203942436943,128.2108947895094
494,19.774999999999977,18.887874723656775,127.31156557072924
495,1.1749999999999545,26.68229507465238,135.10598592172485
496,3.540277783333295,41.268439428563596,149.69213027563606
497,5.777777766666759,4.616548996121097,113.04023984319356
498,15.918055549999963,15.722700400430725,124.14639124750319
499,1.908333333333303,38.307448350391546,146.73113919746402
500,6.283333333333303,31.8588839354828,140.28257478255526
501,1.2000000000000455,25.007204921645908,133.43089576871836
502,7.875,29.25562558595844,137.67931643303092
503,2.75,29.107162399079044,137.5308532461515
504,3.7083333333332575,37.80663515880108,146.23032600587354
505,8.858333333333348,19.444171587421636,127.8678624344941
506,6.0499999999999545,23.541022226714606,131.96471307378707
507,2.4249999999999545,22.617156398076887,131.04084724514934
508,16.908333333333303,11.861222285107269,120.28491313217974
509,19.784848483333462,21.021762679864764,129.44545352693723
510,2.361969699999918,13.318318096996554,121.74200894406901
511,4.145151516666829,35.25030262245619,143.67399346952865
512,1.2150000000001455,19.493145348982534,127.916836196055
513,7.641666666666879,22.008796727425842,130.4324875744983
514,1.741666666666788,24.43847576184201,132.86216660891446
515,2.5499999999999545,26.2300278743916,134.65371872146406
516,14.112499999999955,13.047469710553735,121.4711605576262
517,12.541666666666742,31.33306787477373,139.75675872184618
518,14.345833333333303,22.746109123126708,131.16979997019916
519,6.1083333333333485,19.924794027244925,128.3484848743174
520,0.5222222166664778,26.203732688163477,134.62742353523595
521,14.958262999999988,17.05670462129293,125.4803954683654
522,0.22440224999991187,25.470992952579092,133.89468379965155
523,6.3430379666667704,28.502351052906654,136.9260418999791
524,13.067405066666652,16.856040145045498,125.27973099211796
525,7.850000000000136,27.65294584768479,136.07663669475727
526,9.850000000000136,20.462061594074612,128.88575244114708
527,4.133333333333212,22.092956314396826,130.51664716146928
528,0.8500000000001364,28.985546876514082,137.40923772358656
529,6.458333333333485,8.709728522367099,117.13341936943957
530,1.0916666666664696,20.858760239235973,129.28245108630844
531,5.441666666666833,12.217547965260463,120.64123881233293
532,7.4833333333333485,17.129486892222218,125.55317773929468
533,6.5166666666666515,27.120665968623626,135.5443568156961
534,3.75,20.58573163161683,129.0094224786893
535,4.275000000000091,21.638569753816313,130.06226060088878
536,7.1416666666666515,23.703671654500653,132.12736250157312
537,13.441666666666606,25.8044080073666,134.22809885443905
538,13.174999999999955,22.665401288339844,131.0890921354123
539,7.316666666666606,16.17709614181219,124.60078698888465
540,3.7833333333335304,16.54592885046207,124.96961969753454
541,0.3916666666668789,17.00107573700187,125.42476658407433
542,5.283333333333303,21.7164318105782,130.14012265765066
543,7.224999999999909,15.991588637995214,124.41527948506769
544,0.724999999999909,20.167897300732932,128.5915881478054
545,8.241666666666788,20.68947178080488,129.11316262787733
546,11.433333333333394,19.727055938859827,128.15074678593228
547,8.424999999999955,18.948416216717302,127.37210706378977
548,6.841666666666697,24.585393314946753,133.0090841620192
549,3.1166666666665606,25.80614057328821,134.22983142036068
550,5.8583333333333485,23.550433544503967,131.97412439157642
551,8.5,16.772818819062614,125.19650966613509
552,6.1416666666666515,11.094478858383459,119.51816970545592
553,3.9333333333331666,20.154564557941217,128.5782554050137
554,4.0166666666666515,19.817001388581776,128.24069223565425
555,3.1083333333333485,21.00304854242247,129.42673938949494
556,5.4166666666667425,29.424793952102572,137.84848479917503
557,11.11666666666656,17.98686673364797,126.41055758072044
558,4.0,10.960348301428388,119.38403914850085
559,3.333333333333485,21.93148491644284,130.35517576351532
560,3.166666666666515,17.172946820740034,125.5966376678125
561,0.2333333333333485,25.612089650981183,134.03578049805364
562,6.966666666666697,0.3166739479552412,108.7403647950277
563,3.841666666666697,21.136568801521907,129.56025964859438
564,0.4833333333331211,22.944376065299732,131.3680669123722
565,8.375,20.176316396682232,128.6000072437547
566,6.90833333333353,23.185395694892332,131.60908654196479
567,3.449999999999818,18.159722370087813,126.58341321716028
568,8.258333333333212,21.94860250044489,130.37229334751734
569,1.4583333333332575,18.84635359212473,127.27004443919719
570,0.3083333333331666,13.350342391166695,121.77403323823916
571,13.641666666666652,14.441102990248245,122.8647938373207
572,19.083333333333485,13.894065700561377,122.31775654763385
573,3.866666666666788,20.68241240964067,129.10610325671314
574,1.0416666666667425,16.134847783828302,124.55853863090077
575,19.78333333333353,24.2987110246046,132.72240187167705
576,3.041666666666515,39.53443092733441,147.9581217744069
577,19.450000000000045,21.91147248506228,130.33516333213475
578,5.09166666666647,23.930780958413052,132.3544718054855
579,2.9750000000001364,7.148574574041261,115.57226542111373
580,3.3833333333334394,17.19146306604056,125.61515391311302
581,6.574999999999818,23.906793372714418,132.33048421978688
582,2.525000000000091,13.631773311906164,122.05546415897862
583,11.75,20.670386845186606,129.09407769225908
584,1.2000000000000455,20.210721180153737,128.6344120272262
585,7.508333333333212,16.79740938901701,125.22110023608947
586,2.6749999999999545,30.240300321353693,138.66399116842615
587,7.3333333333332575,18.433356582743535,126.85704742981599
588,4.816666666666606,19.08556682139346,127.50925766846592
589,3.7083333333332575,24.431918372942178,132.85560922001463
590,0.19166666666660603,20.028811297316736,128.4525021443892
591,0.20000000000004547,25.424319834320514,133.84801068139296
592,8.033333333333303,27.377501569800856,135.80119241687333
593,10.725000000000136,23.15061491493323,131.57430576200568
594,2.0499999999999545,27.01186266239281,135.43555350946528
595,19.75833333333344,19.020507670406396,127.44419851747887
596,8.358333333333348,29.393777822933735,137.8174686700062
597,6.808333333333394,20.926472879424264,129.35016372649673
598,0.08333333333325754,20.25829744334042,128.68198829041287
599,4.9583333333332575,19.606899751870372,128.03059059894284
600,0.22499999999990905,24.693642955173942,133.1173338022464
601,2.699999999999818,20.984492137643905,129.40818298471638
602,3.183333333333394,16.57656347749237,125.00025432456484
603,16.133333333333212,21.68772559701819,130.11141644409065
604,8.358333333333348,25.978470541905278,134.40216138897773
605,6.025000000000091,17.121054938607294,125.54474578567977
606,2.841666666666697,19.051576695830008,127.47526754290247
607,4.341666666666697,22.362892757664238,130.7865836047367
608,9.866666666666788,37.965384160665586,146.38907500773806
609,2.6416666666666515,29.306725274850628,137.7304161219231
610,3.8916666666666515,17.230660325030712,125.65435117210318
611,14.225000000000136,22.640097537313807,131.06378838438627
612,1.8916666666666515,26.129551420609644,134.5532422676821
613,3.283333333333303,28.883529377340718,137.3072202244132
614,11.591666666666697,26.662859362947632,135.0865502100201
615,1.8611111166665069,23.445032491493883,131.86872333856635
616,16.1805555666665,23.45707555955303,131.8807664066255
617,17.4194444499999,18.84493538910627,127.26862623617873
618,16.74166666666656,23.231031043490027,131.65472189056248
619,5.191666666666833,30.364072731027665,138.78776357810014
620,3.258333333333212,26.437034701491072,134.86072554856355
621,44.933333333333394,25.09465479422686,133.51834564129933
622,26.591666666666697,23.001648212413723,131.4253390594862
623,8.086111116666643,30.499419940084323,138.9231107871568
624,7.452777766666713,18.99005818148866,127.41374902856113
625,7.933333333333167,18.89555231669894,127.3192431637714
626,1.3527777666668044,24.398193018785413,132.82188386585787
627,1.3694444499999463,28.713489857781383,137.13718070485385
628,4.1416666666666515,25.846336896948856,134.27002774402132
629,14.741666666666788,26.22239945571088,134.64609030278334
630,2.583333333333485,22.882806943751273,131.30649779082373
631,10.183333333333167,25.213658913720014,133.6373497607925
632,1.5083333333334394,14.595516095600434,123.0192069426729
633,2.4583333333332575,18.567718881534816,126.99140972860728
634,0.25833333333343944,27.51360004688312,135.93729089395558
635,8.424999999999955,17.903661816987015,126.32735266405948
636,0.2666666666666515,18.395368224755565,126.81905907182804
637,4.3333333333332575,23.340210304390784,131.76390115146324
638,0.625,39.895641803239954,148.31933265031242
639,1.9416666666668334,10.81212978794976,119.23582063502222
640,1.8250000000000455,44.56080603626248,152.98449688333494
641,6.691666666666606,11.25135969797525,119.67505054504771
642,4.150000000000091,29.0201351595982,137.44382600667066
643,1.400000000000091,17.448543738825233,125.8722345858977
644,1.9249999999999545,16.2230752314713,124.64676607854376
645,0.8833333333332121,26.63478384750995,135.0584746945824
646,18.40000000000009,19.286408063001677,127.71009891007414
647,20.083333333333258,75.73692891609879,184.16061976317127
648,18.77500000000009,37.214426124861774,145.63811697193424
649,20.466666666666697,53.8565106901592,162.28020153723168
650,4.194927533333384,29.46940291502417,137.89309376209664
651,5.539855066666632,32.253116641312936,140.6768074883854
652,30.103260866666687,25.952797099219495,134.37648794629195
653,5.525000000000091,25.25852114543864,133.6822119925111
654,5.683333333333394,35.33344690733901,143.75713775441147
655,8.108333333333348,42.60539447351688,151.02908532058933
656,13.399999999999864,26.691328567301102,135.11501941437356
657,9.833333333333258,36.00602638254458,144.42971722961704
658,0.10000000000013642,18.134082112781815,126.55777295985428
659,18.09166666666647,22.03385437203773,130.4575452191102
660,2.8999999999998636,37.44065346698159,145.86434431405405
661,13.533333333333303,49.77658418095355,158.200275028026
662,1.1916666666668334,-5.212269779006878,103.21142106806559
663,3.800000000000182,10.253830627248188,118.67752147432066
664,0.8999999999998636,17.792630692471505,126.21632153954397
665,0.5833333333332575,27.384345411901755,135.80803625897423
666,13.716666666666697,18.42261622463981,126.84630707171227
667,7.616666666666561,12.811177523529514,121.23486837060197
668,1.699999999999818,17.62376434765387,126.04745519472634
669,6.133333333333212,24.537139145089995,132.96082999216247
670,13.666666666666742,24.13294908015161,132.55663992722407
671,1.4249999999999545,28.490356155450783,136.91404700252326
672,21.183333333333394,22.680081719559592,131.10377256663205
673,3.308333333333394,19.988929574603414,128.41262042167588
674,1.091666666666697,32.95107488395052,141.374765731023
675,1.724999999999909,28.040747473009237,136.4644383200817
676,6.341666666666697,25.544329052352097,133.96801989942458
677,0.22500000000013642,37.866376292663546,146.290067139736
678,9.241666666666788,24.59989579411785,133.02358664119032
679,3.5499999999999545,22.189393429714997,130.61308427678745
680,2.7666666666666515,31.133509941439122,139.55720078851158
681,10.666666666666742,27.324706320071208,135.74839716714368
682,0.6166666666665606,25.64931567145189,134.07300651852435
683,0.8916666666666515,26.646433871071856,135.0701247181443
684,6.5833333333332575,31.880639360654957,140.30433020772742
685,14.775000000000091,20.26634080645497,128.69003165352743
686,0.5083333333332121,30.773717681813977,139.19740852888646
687,0.7666666666666515,45.179972773689954,153.6036636207624
688,0.7583333333334394,5.975006829565963,114.39869767663842
689,3.2916666666667425,26.872990745435196,135.29668159250767
690,1.7166666666664696,19.734830153138653,128.15852100021112
691,11.208333333333258,17.579451608559044,126.0031424556315
692,3.9583333333332575,40.07879831606388,148.50248916313635
693,2.0,37.837055144818905,146.26074599189138
694,8.640476183333249,43.4612885483121,151.88497939538456
695,4.969047633333503,0.4761879279843839,108.89987877505685
696,10.057142849999764,22.68968959006351,131.11338043713596
697,5.408333333333303,20.85898225532885,129.2826731024013
698,6.4833333333333485,23.401757584597142,131.8254484316696
699,3.150000000000091,20.711931676518205,129.13562252359065
700,5.224999999999909,36.462688649006616,144.8863794960791
701,5.275000000000091,26.62473253765561,135.04842338472807
702,3.533333333333303,24.9828009483823,133.40649179545477
703,0.7999999999999545,21.644567346213822,130.06825819328628
704,9.608333333333348,23.74144906284994,132.1651399099224
705,1.6083333333333485,30.017698881762428,138.4413897288349
706,0.6166666666667879,29.47179932993919,137.89549017701165
707,10.283333333333303,29.349983665486825,137.7736745125593
708,2.7583333333334394,32.14140416827955,140.56509501535203
709,14.849999999999909,21.14849464593636,129.57218549300882
710,9.141666666666879,20.98889537176343,129.41258621883588
711,5.933333333333167,21.105257725324357,129.5289485723968
712,10.458333333333485,23.533576701467897,131.95726754854036
713,18.634722216666887,16.622658327645112,125.04634917471758
714,1.7972222333330592,19.407185204946156,127.83087605201862
715,1.3319444499998099,17.35257467537495,125.77626552244742
716,9.908333333333303,34.716860160058765,143.14055100713122
717,0.466666666666697,24.693515769368112,133.11720661644057
718,14.25,29.015692090503045,137.43938293757552
719,7.8250000000000455,13.571733985729807,121.99542483280227
720,11.599999999999909,13.40810537735425,121.83179622442671
721,10.216666666666697,17.404851975604984,125.82854282267745
722,2.5499999999999545,22.507824197026594,130.93151504409906
723,3.625,26.380182639342273,134.80387348641474
724,4.966666666666697,16.462913140984544,124.886603988057
725,22.091666666666697,25.27752323827549,133.70121408534794
726,1.4166666666667425,17.705317183935296,126.12900803100776
727,15.308333333333394,26.24001082406708,134.66370167113953
728,13.974999999999909,26.804457230275496,135.22814807734795
729,14.083333333333258,24.954965730247032,133.3786565773195
730,12.283333333333303,26.23536614473806,134.65905699181053
731,1.216666666666697,45.97426620245719,154.39795704952965
732,10.533333333333076,33.38746945544004,141.81116030251252
733,0.3500000000001364,29.317890265188215,137.7415811122607
734,2.4902953499999967,24.019744379777055,132.44343522684952
735,6.202742633333401,22.90345202200778,131.32714286908023
736,2.328530649999948,24.06720363876836,132.4908944858408
737,6.964705883332954,20.690754011399896,129.11444485847235
738,1.1107843333331857,19.017925848481315,127.44161669555378
739,2.492156849999901,21.54098336684919,129.96467421392165
740,1.5026315833333683,20.955610953652904,129.37930180072536
741,9.655263166666373,27.83217852825456,136.25586937532702
742,0.3807017500002985,26.570958491881658,134.99464933895413
743,1.7663333333334776,19.629667321946158,128.05335816901862
744,1.0576666666668189,24.04460815219624,132.4682989992687
745,2.148944444444396,28.655364593133097,137.07905544020556
746,7.268199233716587,28.112736391820647,136.5364272388931
747,5.952257451782543,35.75736572901843,144.1810565760909
748,1.9642655367231328,22.20685872075288,130.63054956782534
749,13.316666666666606,27.30897388269534,135.7326647297678
750,8.316666666666606,14.267990517975036,122.6916813650475
751,3.4083333333335304,20.55337583573187,128.97706668280432
752,8.100000000000136,20.99353412368544,129.4172249707579
753,11.383333333333212,32.5586233326046,140.98231417967708
754,7.149999999999864,25.043146433134748,133.46683728020722
755,8.191666666666833,51.12494746448212,159.54863831155458
756,14.600000000000136,37.76528223829489,146.18897308536737
757,27.34999999999991,35.81311103218147,144.23680187925393
758,2.3083333333331666,40.14536307094978,148.56905391802223
759,23.675000000000182,39.1222270102104,147.54591785728286
760,4.941666666666606,29.291836137584625,137.7155269846571
761,4.741666666666561,27.17811415191023,135.6018049989827
762,2.4833333333333485,25.820001064116852,134.24369191118933
763,6.340350883333258,22.50917805478663,130.93286890185908
764,2.139035100000001,20.67605401559612,129.0997448626686
765,7.5846491166666965,18.93735843123083,127.3610492783033
766,2.4833333333333485,19.81277796841299,128.23646881548547
767,13.158333333333303,29.46314466013878,137.88683550721123
768,8.141666666666652,17.297377283281847,125.72106813035431
769,0.6499999999998636,25.396163842961954,133.81985469003442
770,12.416666666666515,51.76876473370004,160.1924555807725
771,10.516666666666652,31.080591459232128,139.5042823063046
772,12.108333333333348,40.58463755957884,149.0083284066513
773,11.600000000000136,24.20766249350583,132.6313533405783
774,1.508333333333212,26.51595415359047,134.93964500066295
775,24.033333333333303,29.345178654886695,137.76886950195916
776,8.041666666666742,27.986841755541274,136.41053260261373
777,11.077272700000094,21.108033620940944,129.5317244680134
778,6.829545400000143,18.982854439592728,127.40654528666519
779,1.3883838166666465,24.815071263299348,133.23876211037182
780,2.1694444333334104,23.628343752842163,132.05203459991463
781,1.4722222166667507,26.133614780986193,134.55730562805866
782,0.691666666666606,26.337100217401847,134.76079106447432
783,2.2416666666665606,21.128650196002923,129.5523410430754
784,4.75,32.2683799268586,140.69207077393105
785,4.058333333333394,35.190602293648865,143.61429314072132
786,15.99166666666656,32.37226836600389,140.79595921307634
787,12.774999999999864,23.777685274909253,132.20137612198172
788,0.43333333333339397,28.263591246263815,136.68728209333628
789,8.674999999999955,42.06245487848257,150.48614572555505
790,2.246428566666509,46.08731992164762,154.5110107687201
791,5.848809533333451,22.025707081487734,130.4493979285602
792,6.171428566666691,25.18611663071168,133.60980747778416
793,6.4166666666667425,29.76978529673922,138.1934761438117
794,4.433333333333167,18.998666450954683,127.42235729802715
795,16.174999999999955,23.145051962872294,131.56874280994475
796,1.6833333333331666,25.825439193210315,134.24913004028278
797,0.25,37.178118633053586,145.60180948012606
798,0.3250000000000455,40.23775094277005,148.6614417898425
799,4.724999999999909,23.57194666140807,131.99563750848054
800,5.4249999999999545,23.023781439047042,131.4474722861195
801,10.224999999999909,19.278512080785337,127.7022029278578
802,7.966666666666697,22.65438146763507,131.07807231470753
803,2.7416666666665606,22.598677521343344,131.0223683684158
804,4867.658333333333,21.13076081241607,129.55445165948854
805,4867.291666666666,22.52989572229162,130.9535865693641
806,13.516666666666652,25.107144908243537,133.530835755316
807,1.9249999999999545,26.395317805037678,134.81900865211014
808,2.150000000000091,22.872358201572183,131.29604904864465
809,3.3333333333332575,30.544237538343104,138.96792838541558
810,7.2916666666667425,29.079740290800686,137.50343113787315
811,2.724999999999909,23.792583480815996,132.21627432788847
812,9.441666666666606,26.748130917707844,135.1718217647803
813,10.441666666666606,20.193878592232423,128.61756943930487
814,10.5,23.14446833107062,131.56815917814308
815,0.4249999999999545,26.504909591193357,134.92860043826582
816,8.75,23.951439798716418,132.3751306457889
817,40.0333333333333,25.238561458845293,133.66225230591775
818,5.4249999999999545,24.028531099811904,132.45222194688438
819,29.899999999999864,32.3333816887415,140.75707253581396
820,7.3583333333333485,18.773214010649692,127.19690485772216
821,12.383333333333212,17.342491357296474,125.76618220436893
822,7.4166666666667425,25.029529271391375,133.45322011846383
823,7.2916666666667425,28.51812966749084,136.9418205145633
824,6.650000000000091,28.710790014918285,137.13448086199074
825,0.7999999999999545,24.013637672087864,132.43732851916033
826,8.716666666666697,28.2111384006631,136.63482924773555
827,36.066666666666606,31.06069992018152,139.48439076725398
828,16.225000000000136,26.0511824271676,134.47487327424005
829,43.40000000000009,23.799564871964943,132.2232557190374
830,26.316666666666606,20.826793069302013,129.2504839163745
831,8.491666666666788,22.842687412970825,131.2663782600433
832,76.66666666666674,21.35903873691497,129.78272958398745
833,4.1416666666666515,20.3645699625916,128.78826080966405
834,4.058333333333167,35.16065249901807,143.58434334609052
835,0.4333333333331666,26.216025385265723,134.63971623233817
836,12.61666666666656,25.433720455892576,133.85741130296503
837,36.59999999999991,22.22370773700024,130.6473985840727
838,7.041666666666515,23.801256258950282,132.22494710602274
839,2.758333333333212,20.934573063134437,129.35826391020692
840,5.0833333333332575,22.241456166623088,130.66514701369556
841,16.299999999999955,24.5496734631029,132.97336431017536
842,9.058333333333167,21.690522560208848,130.1142134072813
843,0.5833333333332575,26.128612936872344,134.5523037839448
844,8.608333333333348,22.602988796749617,131.0266796438221
845,1.6083333333333485,29.216476361580632,137.6401672086531
846,11.658333333333303,20.60076718968234,129.0244580367548
847,0.6083333333333485,24.437000440646116,132.86069128771857
848,24.35833333333335,20.181862488520505,128.60555333559296
849,6.883333333333439,24.420449902447725,132.8441407495202
850,11.024999999999864,25.06450778029399,133.48819862736644
851,17.658333333333303,27.149927916673388,135.57361876374586
852,21.35833333333335,26.574567049767474,134.99825789683993
853,7.4249999999999545,27.06349947778731,135.48719032485977
854,3.4833333333333485,24.914605936133057,133.33829678320552
855,21.191666666666606,30.43681079194745,138.8605016390199
856,3.8666666666665606,27.127375092856358,135.55106593992883
857,26.816666666666606,17.411192434942897,125.83488328201537
858,14.450000000000045,30.039165793013602,138.46285664008607
859,29.429166666666788,18.867661463211117,127.29135231028359
860,2.9916666666665606,25.25396937076794,133.6776602178404
861,6.020833333333485,25.64017963289206,134.06387047996452
862,4.3916666666666515,19.210713980588906,127.63440482766137
863,15.275000000000091,32.7936524360536,141.21734328312607
864,1.349999999999909,14.959886408175345,123.38357725524781
865,33.38333333333321,29.744028157772114,138.16771900484457
866,29.76666666666665,33.42588672071784,141.8495775677903
867,13.816666666666606,27.645876962853624,136.0695678099261
868,2.125,46.586958554954535,155.010649402027
869,6.033333333333303,31.855034233641376,140.27872508071385
870,6.5166666666666515,23.468501474248512,131.89219232132098
871,8.61666666666656,19.843112708076923,128.26680355514938
872,1.1000000000001364,22.710555727091258,131.1342465741637
873,25.88333333333344,22.164903232842057,130.58859407991451
874,12.049999999999955,20.918369921091394,129.34206076816386
875,15.375,22.487645801737134,130.9113366488096
876,4.448728813559455,19.837905258244575,128.26159610531704
877,0.14664548022597046,24.706773783926863,133.1304646309993
878,44.5291666666667,27.829915999348376,136.25360684642084
879,38.231250000000045,23.090986942587747,131.5146777896602
880,11.150000000000091,27.701049602688254,136.1247404497607
881,53.4666666666667,51.1512347843297,159.57492563140215
882,20.125,21.795774805495203,130.21946565256766
883,7.625,54.8846656060318,163.30835645310427
884,7.0,27.98604600171478,136.40973684878725
885,13.574999999999818,19.72548669236509,128.14917753943755
886,2.516666666666879,27.44255963012714,135.8662504771996
887,15.075000000000045,18.805234619536822,127.22892546660928
888,4.6416666666666515,29.20977368711894,137.6334645341914
889,29.75,32.1389899393168,140.56268078638925
890,31.541666666666515,31.182797372065075,139.60648821913753
891,11.03333333333353,23.504380897245184,131.92807174431766
892,29.730508474576254,23.070664592924295,131.49435543999675
893,27.230508474576254,22.524802129474654,130.94849297654713
894,9.391666666666652,26.49284958010852,134.916540427181
895,1.7999999999999545,15.601698218539356,124.02538906561182
896,1.841666666666697,30.28311031147902,138.70680115855149
897,8.616666666666788,28.2882989397171,136.71198978678956
898,10.983333333333348,28.35414029646055,136.777831143533
899,17.15833333333353,25.819714609260252,134.2434054563327
900,9.858333333333348,18.83344498592062,127.25713583299309
901,19.149999999999864,36.02289867085153,144.446589517924
902,12.191666666666606,19.83029338451572,128.2539842315882
903,6.150000000000091,23.744152452078925,132.1678432991514
904,3.9249999999999545,33.49534354865327,141.91903439572573
905,9.691666666666606,36.99839372359592,145.42208457066837
906,12.650000000000091,22.602520257094092,131.02621110416655
907,9.36666666666656,29.897299760380108,138.3209906074526
908,18.433333333333167,21.547438141489938,129.9711289885624
909,7.225000000000136,27.03479867400999,135.45848952108247
910,7.625,27.27523476193173,135.6989256090042
911,12.575000000000045,48.354964233977924,156.77865508105037
912,22.908333333333303,29.609951250285132,138.03364209735759
913,0.408333333333303,18.831402573407598,127.25509342048007
914,9.958333333333258,36.149874633605194,144.57356548067764
915,1.666666666666515,24.690945698977675,133.11463654605015
916,2.388596483333231,35.69225102087586,144.11594186794832
917,0.5521929666665528,27.77264889904948,136.19633974612194
918,0.7219298166664885,22.84197898188372,131.2656698289562
919,17.47499999999991,33.46088389225447,141.88457473932692
920,0.650000000000091,31.328447615669266,139.75213846274173
921,8.328333333333148,33.752569269206525,142.176260116279
922,6.998333333333221,46.0926184705266,154.51630931759905
923,26.319999999999936,29.152485191544194,137.57617603861667
924,7.808333333333167,18.954708202730345,127.37839904980281
925,25.225000000000136,21.34655581906927,129.77024666614173
926,13.924999999999955,20.04396906693187,128.46765991400434
927,26.558333333333167,21.121675349076423,129.54536619614888
928,9.166666666666515,22.022087225771422,130.4457780728439
929,12.554096045197866,12.179626018853424,120.60331686592589
930,18.22076271186438,19.684610773211425,128.1083016202839
931,2.1583333333335304,27.520295893971536,135.943986741044
932,8.75,41.153606759475394,149.57729760654786
933,33.0916666666667,31.426790545038152,139.85048139211062
934,1.683333333333394,20.726509179657384,129.15020002672986
935,14.541666666666742,19.320165829312305,127.74385667638477
936,10.666666666666742,24.18253408499117,132.60622493206364
937,4.275000000000091,23.484461126333077,131.90815197340555
938,8.63333333333344,28.371674002718652,136.79536484979113
939,30.99166666666656,33.08563006907809,141.50932091615056
940,39.5,43.67230095592801,152.09599180300046
941,23.22499999999991,24.18943779752887,132.61312864460135
942,28.716666666666697,20.88441369849815,129.30810454557061
943,8.483333333333348,36.253083587426,144.67677443449847
944,5.633333333333212,19.59642227881282,128.02011312588527
945,7.241666666666788,26.247474015234356,134.67116486230682
946,16.47499999999991,18.010695625296577,126.43438647236904
947,39.375,32.48995032526477,140.91364117233724
948,20.75277778333316,53.36026552003551,161.78395636710798
949,45.51944443333343,22.593522532067663,131.01721337914012
950,35.52222221666659,38.5905292735293,147.01422012060175
951,28.26666666666665,20.835021581222165,129.25871242829464
952,0.8000000000001819,24.351374571301207,132.77506541837369
953,9.325000000000045,20.66427380491919,129.08796465199165
954,10.774999999999864,22.073708880595674,130.49739972766815
955,0.10833333333334849,31.072044842568225,139.4957356896407
956,0.375,31.306581038346206,139.73027188541866
957,13.658333333333303,37.835943570702604,146.25963441777506
958,3.9249999999999545,35.52013154694404,143.9438223940165
959,4.5,25.33658154410493,133.7602723911774
960,1.0083333333334394,34.93268538927417,143.35637623634665
961,39.441666666666606,27.55526302430593,135.9789538713784
962,33.35833333333335,29.393229256640392,137.81692010371285
963,101.97500000000002,20.67089980842802,129.0945906555005
964,40.85000000000002,25.35487355109147,133.77856439816392
965,18.308333333333394,24.789719278222773,133.21341012529524
966,35.66666666666663,45.0679569414288,153.49164778850127
967,1.6749999999999545,28.294373902662002,136.71806474973448
968,3.875,40.01591292565625,148.43960377272873
969,11.291666666666629,23.72208701776938,132.14577786484185
970,4.94166666666672,47.961159934141776,156.38485078121425
971,12.133333333333326,23.043825129983297,131.46751597705577
972,30.008333333333326,45.34519831472362,153.7688891617961
973,1.658333333333303,25.69869548397829,134.12238633105076
974,11.58333332833331,36.177380963460394,144.60107181053286
975,13.12500000500006,25.640294162560487,134.06398500963294
976,28.58333333333337,26.199454946494857,134.62314579356732
977,20.23333333333335,21.35816632163997,129.78185716871243
978,45.075000000000045,32.36762051599206,140.79131136306452
979,32.70833333833332,30.04393346911341,138.46762431618586
980,0.4249999950000074,21.49145340547479,129.91514425254726
981,36.94999999999993,28.27369830049713,136.6973891475696
982,8.091666666666583,35.58244699897088,144.00613784604334
983,9.799999999999955,28.981752472785246,137.4054433198577
984,89.85833333333335,29.338835049995954,137.76252589706843
985,44.66666666666663,23.39099757488111,131.81468842195358
986,100.60277778333318,18.73142962028114,127.15512046735361
987,15.04444443333341,22.326185808009363,130.74987665508183
988,69.81388888333333,40.682596042643695,149.10628688971616
989,19.758333333333326,17.54726331472917,125.97095416180164
990,45.799999999999955,37.12848660817578,145.55217745524823
991,4.5750000000000455,33.76828822421122,142.1919790712837
992,78.19999999999993,20.877819292617005,129.30151013968947
993,23.51811593333332,26.432150964042275,134.85584181111474
994,92.09710146666669,19.220342641358037,127.6440334884305
995,103.23188406666668,23.27058297923274,131.6942738263052
996,61.516666666666765,18.496486314967026,126.9201771620395
997,37.04166666666674,27.072781444291586,135.49647229136406
998,17.725000000000023,24.38470204360312,132.80839289067558
999,56.383333333333326,38.85485536782949,147.27854621490195
1000,37.60833333333335,27.65572340406339,136.07941425113586
1001,7.1666666666667425,36.273867901985916,144.69755874905837
1002,6.19166666666672,17.34484449961362,125.7685353466861
1003,15.091666666666697,21.471339407711607,129.89503025478407
1004,4.5166666666666515,31.057312519097287,139.48100336616974
1005,23.833333333333258,18.13243362980141,126.55612447687388
1006,26.0,24.148947753410795,132.57263860048326
1007,4.8916666666666515,25.4839174499789,133.90760829705135
1008,9.291666666666629,21.333330005794952,129.7570208528674
1009,7.958333333333371,43.78564683805937,152.20933768513183
1010,22.258333333333326,38.11610621301428,146.53979706008676
1011,11.116666666666674,24.191986421864627,132.61567726893708
1012,11.275000000000091,23.72318198550144,132.1468728325739
1013,10.36666666666656,27.019066477884884,135.44275732495734
1014,37.450000000000045,21.167737812314293,129.59142865938676
1015,44.75,26.263106564861545,134.686797411934
1016,2.4583333333333712,24.0014788925827,132.42516973965516
1017,32.0333333333333,29.11339220312086,137.53708305019333
1018,14.133333333333326,21.198815682246497,129.62250652931897
1019,25.69166666666672,12.296300251381867,120.71999109845433
1020,4.81666666666672,24.043514318716113,132.46720516578858
1021,63.5916666666667,21.568018369313993,129.99170921638645
1022,33.91666666666663,24.563684786381195,132.98737563345367
1023,34.816666666666606,19.72872995942376,128.15242080649622
1024,17.574999999999932,22.538656996504614,130.96234784357708
1025,8.508333333333326,24.66729554485865,133.09098639193112
1026,70.97500000000002,22.179944823493383,130.60363567056584
1027,3.675000000000068,18.999573139583987,127.42326398665645
1028,15.783333333333303,18.089834739620734,126.51352558669319
1029,9.524999999999977,18.74163559550908,127.16532644258155
1030,56.299999999999955,19.501576996670227,127.92526784374269
1031,32.816666666666606,33.74622942479675,142.16992027186922
1032,50.22500000000002,28.13256308284587,136.55625392991834
1033,26.116666666666674,22.325068245313823,130.74875909238628
1034,21.616666666666674,18.696703934345237,127.1203947814177
1035,14.487499999999955,20.19239909364938,128.61608994072185
1036,18.0,11.25083031786862,119.67452116494108
1037,7.054166666666561,18.03823971058359,126.46193055765605
1038,5.083333333333371,20.821166907915273,129.24485775498775
1039,2.0083333333333258,20.88573066632098,129.30942151339343
1040,12.96875,25.75698617869539,134.18067702576786
1041,1.3875000000000455,23.64376820938681,132.06745905645928
1042,2.3854166666667425,22.313859835236787,130.73755068230926
1043,14.700000000000045,22.58995122541588,131.01364207248835
1044,16.450000000000045,20.16377665582223,128.5874675028947
1045,7.55833333333328,30.55622765162584,138.9799184986983
1046,15.149999999999977,24.559618677332402,132.98330952440486
1047,23.041666666666742,27.65304877230202,136.07673961937448
1048,36.86428571500005,29.654939514607857,138.07863036168033
1049,40.341071430000056,24.88052252259959,133.30421336967206
1050,15.627380946666563,20.70076171976491,129.12445256683736
1051,4.237499995000007,20.291885872590647,128.71557671966312
1052,10.574999999999932,25.05738003065059,133.48107087772306
1053,12.56666666666672,20.79088545109896,129.21457629817144
1054,13.841666666666697,23.26219772459229,131.68588857166475
1055,49.125,25.217807067187263,133.64149791425973
1056,79.83333333333337,21.902694228690187,130.32638507576266
1057,17.758333333333326,17.052898575382677,125.47658942245513
1058,8.775000000000091,26.046625638657773,134.47031648573022
1059,11.700000018333299,20.128983762685266,128.55267460975773
1060,23.13333335166658,25.037116059691424,133.46080690676388
1061,10.833333333333371,22.73211025536769,131.15580110244017
1062,4.699999999999932,20.42681155358485,128.85050240065732
1063,27.01666666666665,20.756683881044935,129.18037472811739
1064,8.425000000000068,26.212042196975094,134.63573304404756
1065,27.375,20.942407835020596,129.36609868209305
1066,13.377777778333325,25.269505833895685,133.69319668096816
1067,10.602777776666699,31.153687727835624,139.5773785749081
1068,15.105555555000024,18.31109653463347,126.73478738170593
1069,2.6749999999999545,15.784929256724123,124.20862010379659
1070,11.174999999999955,21.16013073442253,129.583821581495
1071,14.208333333333371,25.74791721554925,134.17160806262171
1072,61.133333333333326,21.183482042146714,129.60717288921919
1073,1.841666666666697,16.239005005391213,124.66269585246368
1074,26.01666666666665,18.228871148786205,126.65256199585866
1075,8.899999999999977,24.646279271210137,133.0699701182826
1076,27.60833333333335,18.481223683957058,126.90491453102952
1077,15.633333333333326,26.22005163559735,134.6437424826698
1078,12.708333333333371,33.745536186012764,142.16922703308524
1079,23.158333333333303,19.35596050315519,127.77965135022765
1080,16.716666666666697,16.98203775230661,125.40572859937907
1081,6.7000000000000455,13.884832074614216,122.30852292168669
1082,1.908333333333303,24.1667851119226,132.59047595899506
1083,5.433333333333394,16.646713832914887,125.07040467998735
1084,6.991666666666674,19.7660774964846,128.18976834355706
1085,14.233333333333348,20.56792525244119,128.99161609951366
1086,48.35000000000002,20.485525818064293,128.90921666513677
1087,35.01666666666665,28.523744221929952,136.9474350690024
1088,11.708333333333371,23.71217288722803,132.1358637343005
1089,19.29166666666663,21.23196362553569,129.65565447260815
1090,35.93333333333328,22.782445706365152,131.2061365534376
1091,19.20833332333325,14.430781827298459,122.85447267437092
1092,3.9583333233332496,9.289588546618042,117.7132793936905
1093,19.533333333333303,15.835999927766363,124.25969077483883
1094,7.641666666666765,2.5529829103379633,110.97667375741042
1095,4.133333333333439,17.520297743606672,125.94398859067914
1096,9.93333333333328,16.043275773711983,124.46696662078445
1097,28.862037037037112,21.898213722860035,130.32190456993249
1098,23.238017402723585,24.093898209628463,132.51758905670093
1099,2.4156347323526006,23.295832249173902,131.71952309624638
1100,0.0,24.872881482803315,133.29657232987577
1101,1.2085449647057658,23.821738392508347,132.2454292395808
1102,9.425263200000018,18.34159066980122,126.76528151687369
1103,0.0,23.23145613578092,131.65514698285338
1104,17.64285714285711,20.556026616794785,128.97971746386725
1105,8.692857142857065,11.126149779831431,119.5498406269039
1106,7.5499999999999545,20.25924832724573,128.6829391743182
1107,0.0,23.76051039316433,132.1842012402368
1108,14.0,17.240741493281398,125.66443234035387
1109,11.181818200000066,20.57666726024228,129.00035810731475
1110,8.999999799999955,20.085069094421453,128.5087599414939
1111,20.965035153846202,16.989039181592318,125.41273002866478
1112,69.88927739627047,19.560150979307497,127.98384182637996
1113,22.07896269242417,15.544720792189734,123.9684116392622
1114,0.3812034435484293,21.06355858707404,129.48724943414652
1115,16.94892477311828,23.658474563742715,132.08216541081518
1116,17.89999993333356,20.44438054203514,128.8680713891076
1117,11.233333225000251,24.56924295442307,132.99293380149552
1118,0.08333337499993831,20.85960960792773,129.2833004550002
1119,7.884615384615245,16.45555660110118,124.87924744817364
1120,40.02666083916074,6.369874930500032,114.7935657775725
1121,23.74872825824923,11.857755087367863,120.28144593444033
1122,0.0,24.239461655175322,132.66315250224778
1123,8.40418699629629,21.276513429463318,129.70020427653577
1124,1.217391799999973,19.782632519041186,128.20632336611365
1125,2.5718053333331454,19.853553747477477,128.27724459454993
1126,0.0,22.255622358345974,130.67931320541845
1127,53.66230527471248,11.061500636155396,119.48519148322787
1128,21.844931360891337,23.114502841229857,131.53819368830233
1129,19.645968166202238,14.990218166078195,123.41390901315066
1130,0.0,14.604240636420682,123.02793148349315
1131,18.8005143688315,17.41213030270952,125.83582114978199
1132,1.5299722033489616,23.98702226512256,132.41071311219503
1133,0.0,20.34385244939061,128.7675432964631
1134,0.0,19.93409904708757,128.35778989416002
1135,0.0,13.859312347175614,122.28300319424808
1136,0.0,21.16864793423081,129.59233878130328
1137,0.0,20.07764281221844,128.5013336592909
1138,35.39354921273343,24.54011656421313,132.9638074112856
1139,22.98649274714637,21.329255760952275,129.75294660802473
1140,0.0,19.564779537066855,127.98847038413932
1141,45.08581730769231,20.873224879208674,129.29691572628113
1142,44.56249998124997,21.64558006914008,130.06927091621253
1143,11.123958352083378,20.42170993328248,128.84540078035494
1144,32.758333333333326,21.816166784421174,130.23985763149363
1145,12.958333333333371,18.681533426152974,127.10522427322545
1146,24.975000000000023,18.918907130530126,127.3425979776026
1147,28.23333333333335,17.061300776526103,125.48499162359857
1148,13.666666666666629,14.200000927472427,122.6236917745449
1149,8.225000000000023,15.595541654227128,124.0192325012996
1150,8.050000000000068,14.24867842075588,122.67236926782834
1151,2.916666693333241,13.111595377077956,121.53528622415043
1152,3.558333360000006,18.476209026220474,126.89989987329294
1153,2.4500000000000455,24.63123992645835,133.05493077353083
1154,9.166666666666629,17.362967041832203,125.78665788890467
1155,6.225000000000023,18.646980930572525,127.07067177764499
1156,16.48333333333335,22.298829739153273,130.72252058622573
1157,22.350000000000023,23.358721172389775,131.78241201946224
1158,23.549999999999955,16.775105448556584,125.19879629562905
1159,18.616666673333384,18.60975086278807,127.03344170986054
1160,7.031707293332715,23.365814709232,131.78950555630448
1161,19.883841439582852,20.8354425941437,129.25913344121616
1162,9.851329060416447,19.744862311542278,128.16855315861474
1163,10.660589417948813,16.111820567071167,124.53551141414363
1164,9.187312692307614,23.768752732941696,132.19244358001416
1165,8.915365339271148,19.943225743870112,128.36691659094257
1166,7.975950290087894,12.805593748300101,121.22928459537256
1167,39.68472222166679,23.700275442613943,132.1239662896864
1168,86.55000000000007,22.830598258073664,131.25428910514614
1169,24.725000000000023,21.359232742425498,129.78292358949795
1170,37.56666666666672,12.844300293274138,121.2679911403466
1171,24.83333333333337,18.93680048808028,127.36049133515274
1172,19.491666666666674,25.9779611851729,134.40165203224535
1173,15.566666666666606,26.513158452267398,134.93684929933985
1174,25.375,27.471831842504404,135.89552268957686
1175,16.366666666666674,20.63117348667071,129.05486433374318
1176,13.149999999999977,19.168252600684188,127.59194344775665
1177,11.333333333333371,24.943090863463503,133.36678171053597
1178,10.225000000000023,20.98164815537365,129.4053390024461
1179,29.875,24.80104120210568,133.22473204917816
1180,16.133333333333326,17.923216839191195,126.34690768626366
1181,9.81666666666672,18.261440688586347,126.68513153565881
1182,32.01666666666665,17.068944352053407,125.49263519912587
1183,21.108333333333235,27.83175137803564,136.2554422251081
1184,2.1833333333332803,20.256495756637076,128.68018660370953
1185,12.94166666666672,24.298626086208152,132.7223169332806
1186,16.56666666666672,23.132341735953297,131.55603258302577
1187,14.141666666666652,16.215973712299355,124.63966455937182
1188,13.491666666666674,27.041160395638574,135.46485124271103
1189,14.43333333333328,31.23952057150579,139.66321141857824
1190,19.75,11.786356480414213,120.21004732748668
1191,6.3333333333332575,17.446892686721505,125.87058353379396
1192,3.2666666666666515,19.52524447010783,127.94893531718029
1193,8.208333333333258,18.463821881071823,126.88751272814429
1194,4.9249999999999545,16.895437537380154,125.31912838445263
1195,3.283333333333303,20.330624857611788,128.75431570468425
1196,8.014333333333298,21.748656807754852,130.17234765482732
1197,14.113000000000056,18.945228179208492,127.36891902628096
1198,8.505999999999972,19.70656669431876,128.13025754139122
1199,15.31666666666672,17.85890051980349,126.28259136687595
1200,18.850000000000023,20.795845656676292,129.21953650374877
1201,12.916666666666629,17.793466213639647,126.21715706071211
1202,3.7999999999999545,24.00350008111143,132.4271909281839
1203,19.633333333333326,20.08562646076452,128.509317307837
1204,4.316666666666606,21.164489250052508,129.58818009712496
1205,17.399999999999977,22.62611862459374,131.0498094716662
1206,3.625,23.23233685177284,131.6560276988453
1207,13.966666666666697,21.12334846264233,129.5470393097148
1208,15.144444449999924,20.29759549910492,128.72128634617738
1209,1.1222222333332184,24.402701075717317,132.82639192278978
1210,12.194444449999878,16.37374248057121,124.79743332764367
1211,9.55833333333328,25.19439290477989,133.61808375185234
1212,7.68333333333328,21.115478117266438,129.5391689643389
1213,10.083333333333258,23.330931102984206,131.75462195005667
1214,5.80833333333328,31.55423064415131,139.97792149122378
1215,9.666666666666629,16.074837425571452,124.49852827264391
1216,15.391666666666652,14.399418811575767,122.82310965864824
1217,23.54166667166669,18.756384335828507,127.18007518290096
1218,10.383333338333387,15.775492955436274,124.19918380250874
1219,5.708333333333371,23.04133106095266,131.46502190802514
1220,19.45833333333337,28.392321329285593,136.81601217635807
1221,42.200000000000045,20.379462185466792,128.80315303253926
1222,28.083333333333258,20.39399888372255,128.81768973079502
1223,59.82499999999993,16.744327718195528,125.168018565268
1224,20.27500000000009,22.996286706446906,131.41997755351937
1225,47.875000000000114,19.589151359902797,128.01284220697525
1226,16.475000000000023,26.25569360768403,134.6793844547565
1227,11.466666666666697,27.511794910955512,135.93548575802797
1228,20.975000000000023,28.592869798193366,137.01656064526583
1229,5.4500000000000455,26.38776062660279,134.81145147367525
1230,12.958333333333371,26.245616203160758,134.66930705023321
1231,17.574999999999932,24.157059106946836,132.5807499540193
1232,3.4500000000000455,27.23016539534279,135.65385624241526
1233,28.850000000000023,26.685355002650866,135.10904584972332
1234,7.341666666666697,20.534523338955843,128.9582141860283
1235,6.008333333333326,31.2602964712298,139.68398731830226
1236,13.366666656666666,25.929756856501157,134.35344770357364
1237,15.766666656666644,28.84320285430939,137.26689370138186
1238,3.9166666666666288,27.477382594751372,135.90107344182383
1239,3.0083333333333258,24.335867035715033,132.7595578827875
1240,10.116666666666674,30.44913211140313,138.87282295847558
1241,25.716666666666697,20.35616817611223,128.77985902318468
1242,7.44166666666672,25.79302729588918,134.21671814296164
1243,13.024999999999977,20.03712270825185,128.4608135553243
1244,0.22500000000002274,18.107127792704205,126.53081863977667
1245,2.9166666666666288,30.230164045558105,138.65385489263056
1246,12.300000000000068,39.25251940299235,147.6762102500648
1247,3.3749999999998863,19.630251839555957,128.05394268662843
1248,18.458333333333258,22.889856342638602,131.31354718971107
1249,3.8999999999999773,16.474365120007175,124.89805596707964
1250,7.5416666666667425,21.25029012376379,129.67398097083625
1251,21.5,24.12556233015169,132.54925317722416
1252,20.216666666666583,20.42904923670371,128.85274008377618
1253,6.3250000000000455,24.450897620496956,132.87458846756942
1254,18.0,27.127380431296558,135.55107127836902
1255,25.508333333333212,27.69516303758548,136.11885388465794
1256,38.60833333333312,23.407539543343557,131.831230390416
1257,1.541666666666515,20.667712751099078,129.09140359817155
1258,8.366666666666674,35.727569711547275,144.15126055861975
1259,3.858333333333235,24.723673145319804,133.14736399239226
1260,0.900000000000091,22.21999712807081,130.64368797514328
1261,5.433333338333341,27.283503961597347,135.7071948086698
1262,11.491666661666613,25.44569855187042,133.86938939894287
1263,18.08333333333337,30.566422315008392,138.99011316208086
1264,17.274999999999977,22.346898107296333,130.7705889543688
1265,28.183333333333394,19.577353112751865,128.00104395982433
1266,23.325000000000045,48.288372848126,156.71206369519848
1267,25.833333333333258,8.992685666757655,117.41637651383012
1268,27.308333333333167,30.45969066198895,138.88338150906142
1269,34.63333333333344,17.62492568240227,126.04861652947474
1270,32.316666666666606,20.585707259462136,129.0093981065346
1271,35.083333333333485,26.347514150669003,134.77120499774148
1272,40.95833333333337,24.073200536604887,132.49689138367734
1273,29.20833333333337,25.946790678030144,134.3704815251026
1274,20.0,29.86029293724915,138.2839837843216
1275,8.55833333333328,20.426723604375184,128.85041445144765
1276,14.212499999999977,20.241407300853176,128.66509814792565
1277,1.775000000000091,16.95209265661726,125.37578350368972
1278,4.1875,23.086137909507574,131.50982875658005
1279,10.158333333333303,21.313067666111934,129.73675851318438
1280,12.350000000000023,18.390606623007884,126.81429747008035
1281,21.358333333333235,21.18472349787827,129.60841434495075
1282,3.914666666667017,17.105347067994067,125.52903791506654
1283,4.370999995000602,17.55057405612801,125.97426490320048
1284,7.206333328333585,14.608518226303328,123.0322090733758
1285,14.516666666666652,22.289053597571698,130.71274444464416
1286,16.383333333333212,26.50127329325491,134.92496414032738
1287,18.14166666666665,18.70265486316635,127.12634571023881
1288,17.175000000000068,22.55390544179413,130.9775962888666
1289,0.9500000000000455,15.57605214950054,123.999742996573
1290,45.741666666666674,19.87195920249098,128.29565004956345
1291,4.308333333333394,24.124112929337812,132.54780377641026
1292,3.966666666666697,18.829971991785857,127.25366283885832
1293,30.216666666666583,17.567357971699455,125.99104881877192
1294,16.574999994999985,22.724469846536156,131.14816069360862
1295,20.33333332833331,24.860940345373468,133.28463119244594
1296,2.3166666666667197,28.11509259738823,136.5387834444607
1297,55.18333333333328,10.789795972008417,119.21348681908088
1298,4.841666666666697,25.17017767482018,133.59386852189266
1299,16.283333333333417,24.965496494381526,133.38918734145398
1300,21.55833333333328,22.54052340389493,130.9642142509674
1301,5.5499999999999545,14.73366911079045,123.15735995786291
1302,15.399999999999977,20.001399095737433,128.4250899428099
1303,10.366666666666674,19.57291402956873,127.99660487664119
1304,50.616666666666674,23.07686678210628,131.50055762917873
1305,41.04166666666674,23.443221152588535,131.866911999661
1306,33.42500000000007,21.427076607497984,129.85076745457044
1307,25.608333333333235,16.65291161079032,125.07660245786278
1308,16.22499999999991,22.50809208554851,130.93178293262096
1309,6.633333333333326,20.34572644624906,128.7694172933215
1310,16.925000000000068,22.06848487068638,130.49217571775884
1311,58.200000000000045,23.889224867917957,132.31291571499042
1312,6.399999999999977,24.4183708519672,132.84206169903968
1313,31.29166666666663,22.517160658665837,130.9408515057383
1314,68.96666666666658,26.231829312703454,134.6555201597759
1315,73.70833333333326,18.33076257372696,126.75445342079942
1316,7.249593498333184,20.739017268472896,129.16270811554537
1317,21.24085366333327,19.610976263933164,128.03466711100563
1318,10.349593498333434,20.308421865789388,128.73211271286186
1319,33.816666666666606,21.990208119872264,130.4138989669447
1320,55.0,20.867528181793837,129.2912190288663
1321,41.883333333333326,18.257902075076508,126.68159292214898
1322,3.7416666666666742,21.696609465139716,130.12030031221218
1323,34.16666666666663,22.28682124221202,130.7105120892845
1324,30.23333333333335,16.731885110967212,125.15557595803968
1325,1.0916666666668107,25.124143046695234,133.5478338937677
1326,6.741666666666788,19.396001378037234,127.81969222510969
1327,9.741666666666674,22.8600814742524,131.28377232132488
1328,80.95833333333337,21.673574956331294,130.09726580340376
1329,48.825000000000045,21.630890720014342,130.0545815670868
1330,18.966666666666697,23.80539886825887,132.22908971533133
1331,21.01666666666665,15.774783794330634,124.1984746414031
1332,19.916666666666742,12.853525485043132,121.2772163321156
1333,18.300000000000068,19.598391645172967,128.02208249224543
1334,5.833333333333371,24.190930331832583,132.61462117890505
1335,40.444444445000045,18.414722632782485,126.83841347985495
1336,2.1027777766666986,17.446860963958123,125.8705518110306
1337,7.8027777783332795,14.618016644582777,123.04170749165525
1338,12.94562146892656,21.633636618367202,130.05732746543967
1339,33.31876961781552,18.61268982897743,127.0363806760499
1340,44.55944291858577,23.981270295848237,132.4049611429207
1341,20.06887053636342,18.969141681049194,127.39283252812166
1342,30.59090908095243,21.85911488282312,130.28280572989559
1343,13.438574937709177,22.64974044763114,131.0734312947036
1344,23.77084064324322,22.70665805529444,131.1303489023669
1345,38.55433537647059,9.12639196090137,117.55008280797384
1346,0.0,21.06252777165605,129.48621861872851
1347,24.053361347899113,14.54643893218801,122.97012977926047
1348,4.682967032966985,21.373873190182508,129.79756403725497
1349,38.12225274725279,16.867523514503848,125.29121436157631
1350,6.670714285714325,19.943448801028268,128.36713964810073
1351,36.48982456140345,15.521679239788307,123.94537008686078
1352,8.444110275689127,22.075977310341194,130.49966815741365
1353,21.994208493822384,20.727689893752107,129.15138074082458
1354,0.0,15.882631843740516,124.30632269081298
1355,23.455371338950727,22.178414849737816,130.60210569681027
1356,18.655555294427245,19.51947926284256,127.94317010991503
1357,0.5480807187969958,20.993417418653593,129.41710826572606
1358,30.943609028571473,23.21679081247294,131.6404816595454
1359,12.877777777777737,21.868989167778146,130.29268001485062
1360,6.052777777777692,22.14024719722756,130.56393804430002
1361,11.208333333333371,27.408367781963634,135.8320586290361
1362,31.633333333333326,21.54636761554357,129.97005846261604
1363,23.074999999999932,23.328775529330528,131.752466376403
1364,46.372368425000104,21.01873908222291,129.44242992929537
1365,12.980263149999928,24.024459567390675,132.44815041446313
1366,11.350146203333452,19.378122518564687,127.80181336563714
1367,25.50555555666665,17.13467094987972,125.55836179695218
1368,27.28055555500009,20.821369314838677,129.24506016191114
1369,25.708333333333258,20.239047414869162,128.66273826194163
1370,48.066666666666606,21.447581018587226,129.87127186565968
1371,18.54166666666663,22.65151946453378,131.07521031160624
1372,8.891666666666652,16.92384162606075,125.34753247313321
1373,15.833333333333258,17.400898367604015,125.82458921467648
1374,7.1666666666667425,17.036828440597162,125.46051928766963
1375,15.108333333333348,24.264584719337805,132.68827556641025
1376,24.883333333333326,21.197252097699902,129.62094294477237
1377,41.96249999999998,24.21506553323764,132.6387563803101
1378,29.0,23.9998624833919,132.42355333046436
1379,34.945833333333326,18.992120373695908,127.41581122076838
1380,22.350000000000023,15.459968040495587,123.88365888756805
1381,15.541666666666629,22.511570775572,130.93526162264448
1382,24.825000000000045,26.237386703455478,134.66107755052795
1383,24.875,16.019230529527597,124.44292137660005
1384,10.458333333333371,17.215892000393666,125.63958284746613
1385,26.408908045977,16.09364672477834,124.5173375718508
1386,33.42557471264365,24.64939513516975,133.07308598224222
1387,8.149999999999977,19.145646110816273,127.56933695788874
1388,4.366666666666674,23.85812905771122,132.28181990478367
1389,21.975000000000023,24.99483116526064,133.4185220123331
1390,30.48333333333335,21.0541878412186,129.47787868829107
1391,20.100000000000023,23.856246149226536,132.279936996299
1392,29.76666666666665,21.91858409263372,130.3422749397062
1393,115.00833333333333,21.898457041901732,130.3221478889742
1394,52.5,21.629858220376914,130.05354906744938
1395,43.625,19.010955994790233,127.4346468418627
1396,2.9090395480226334,19.58441393796106,128.00810478503354
1397,18.767372881355982,24.292951702371873,132.71664254944434
1398,1.6416666666666515,21.15964150893142,129.5833323560039
1399,70.50833333333333,19.764036727325593,128.18772757439805
1400,8.291666666666629,23.111630478019016,131.53532132509147
1401,31.824999999999932,20.294259916211,128.71795076328345
1402,0.6083333333333485,20.934204106793906,129.35789495386638
1403,16.033333333333417,20.5281699214465,128.95186076851897
1404,0.5249999999999773,21.35344842285994,129.7771392699324
1405,6.133333333333326,22.649983398817497,131.07367424588995
1406,32.258333333333326,25.166094330557513,133.58978517762998
1407,14.524999999999977,21.907158366991357,130.33084921406382
1408,6.0166666666666515,19.211888938316385,127.63557978538884
1409,6.591666666666697,19.93536376873259,128.35905461580506
1410,19.200000000000045,22.106044326638543,130.529735173711
1411,5.8916666666666515,24.12166372264235,132.54535456971482
1412,4.2666666666666515,19.686265308597875,128.10995615567035
1413,10.0,22.92225839399454,131.345949241067
1414,11.641666666666652,21.967032295909434,130.3907231429819
1415,7.841666666666583,23.35216971281167,131.77586055988414
1416,28.158333333333417,19.515464482790318,127.93915532986279
1417,24.33333333333337,21.109911989511048,129.5336028365835
1418,1.408333333333303,23.512208114385267,131.93589896145772
1419,5.074999999999932,22.504027816132275,130.92771866320473
1420,3.7416666666666742,22.88316136677302,131.30685221384547
1421,26.883333333333326,21.250344687139716,129.67403553421218
1422,38.22499999999991,19.988930525899445,128.4126213729719
1423,28.99166666666656,22.30303731260222,130.72672815967468
1424,1.1166666666666742,21.241258165756413,129.66494901282888
1425,41.59166666666658,22.724635570214286,131.14832641728674
1426,26.866666666666674,20.910800700440422,129.3344915475129
1427,8.649999999999977,22.290358404513626,130.7140492515861
1428,10.266666666666652,22.1635812559064,130.58727210297886
1429,5.988888888333349,24.170169933643663,132.5938607807161
1430,39.35555555666656,26.133411818597544,134.55710266567002
1431,28.869444444999885,21.92562648432306,130.34931733139553
1432,25.89166666666665,20.419896891507143,128.8435877385796
1433,26.199999999999932,24.441700297838086,132.86539114491055
1434,8.149999999999977,16.910054537065736,125.3337453841382
1435,12.983333333333348,17.93654754898446,126.36023839605693
1436,7.091666666666697,22.007714689170445,130.43140553624292
1437,25.199999999999932,20.08004883457267,128.50373968164513
